{
  "metrics": {
    "mAP50": 0.671399920007559,
    "mAP50-95": 0.32033154991398766,
    "precision": 0.7702702702702703,
    "recall": 0.5302325581395348,
    "conf_threshold": 0.25,
    "iou_threshold": 0.5
  },
  "config": {
    "model": "yolov8n.pt",
    "epochs": 500,
    "conf": 0.25,
    "iou": 0.5,
    "mosaic": 0.0
  },
  "timestamp": "2026-02-10T19:29:05.206289"
}